Date,Team,Inning,Pitcher,Batter,BC,Result,Prev,Next,LEV,REs,REa,WPe,WPa
03-23,KT,8회초,손동현,5 강민호,2 (0-1),3루수 병살타 아웃,"무사 1,2루 2:2",2사 3루 2:2,3.22,1.611,-1.220,51.7%,-0.185
05-10,NC,7회초,하트,8 강민호,3 (1-1),유격수 땅볼 아웃,2사 만루 0:1,이닝종료 0:1,5.62,0.952,-0.952,79.1%,-0.142
06-30,KT,9회초,박영현,8 강민호,1 (0-0),유격수 플라이 아웃,"1사 1,2루 1:2","2사 1,2루 1:2",6.11,1.065,-0.572,85.9%,-0.140
07-21,롯데,7회말,한현희,4 강민호,5 (0-2),선행주자아웃 출루,"2사 1,3루 4:3",이닝종료 4:3,3.94,0.523,-0.523,25.2%,-0.109
04-30,두산,6회초,곽빈,6 강민호,3 (1-1),좌익수 플라이 아웃,2사 만루 0:2,이닝종료 0:2,4.17,0.857,-0.857,84.8%,-0.106
04-13,NC,8회말,임정호,7 강민호,2 (0-1),중견수 플라이 아웃,"1사 1,2루 4:2","2사 1,3루 4:2",4.11,0.994,-0.422,16.6%,-0.085
04-19,한화,6회초,페냐,5 강민호,5 (1-2),루킹 삼진,2사 만루 0:3,이닝종료 0:3,3.22,0.909,-0.909,91.4%,-0.082
05-02,두산,6회초,김택연,6 강민호,3 (1-1),3루수 병살타 아웃,무사 1루 2:1,2사  2:1,1.54,1.022,-0.905,38.0%,-0.080
06-16,NC,5회초,김시훈,4 강민호,2 (0-1),중견수 플라이 아웃,"2사 2,3루 2:2",이닝종료 2:2,2.67,0.616,-0.616,56.6%,-0.079
06-06,SSG,4회초,오원석,9 강민호,6 (3-2),루킹 삼진,1사 만루 0:3,2사 만루 0:3,3.01,1.852,-0.942,78.8%,-0.078
04-17,두산,1회말,김호준,5 강민호,2 (1-0),유격수 병살타 아웃,"1사 1,2루 0:1",이닝종료 0:1,1.64,0.966,-0.966,60.5%,-0.074
08-08,한화,1회말,문동주,4 강민호,2 (1-0),3루수 파울플라이 아웃,무사 만루 2:0,1사 만루 2:0,2.49,2.648,-0.691,45.4%,-0.073
03-27,LG,1회초,최원태,6 강민호,4 (1-2),헛스윙 삼진,2사 만루 0:0,이닝종료 0:0,2.82,0.921,-0.921,54.8%,-0.072
07-18,KIA,3회초,알드레드,4 강민호,3 (0-2),1루수 병살타 아웃,무사 1루 3:2,2사  3:2,1.39,1.022,-0.905,42.3%,-0.072
03-31,SSG,11회말,이로운,5 강민호,3 (0-2),우익수 플라이 아웃,1사  4:3,2사  4:3,2.63,0.275,-0.168,4.7%,-0.065
05-28,키움,9회말,주승우,9 강민호,2 (1-0),투수 땅볼 아웃,1사  4:3,2사  4:3,2.63,0.295,-0.178,4.7%,-0.065
03-29,SSG,6회말,김광현,4 강민호,1 (0-0),유격수 병살타 아웃,무사 1루 5:1,2사  5:1,1.35,0.957,-0.850,6.3%,-0.064
05-08,KIA,11회말,정해영,6 강민호,1 (0-0),좌익수 플라이 아웃,2사 1루 2:2,이닝종료 2:2,2.30,0.226,-0.226,50.0%,-0.064
05-08,KIA,7회말,곽도규,6 강민호,2 (0-1),3루수 병살타 아웃,무사 1루 0:1,2사  0:1,1.15,1.022,-0.906,75.8%,-0.061
03-26,LG,9회초,유영찬,8 강민호,5 (1-2),중견수 플라이 아웃,무사  3:3,1사  3:3,2.32,0.529,-0.258,55.9%,-0.059
06-26,LG,9회초,유영찬,7 강민호,6 (1-2),헛스윙 삼진,무사  1:1,1사  1:1,2.32,0.577,-0.274,55.9%,-0.059
04-09,롯데,4회초,나균안,7 강민호,4 (1-2),1루수 인필드플라이 아웃,"1사 1,2루 0:1","2사 1,2루 0:1",2.54,0.970,-0.480,63.3%,-0.058
07-19,롯데,1회말,김진욱,5 강민호,4 (1-2),2루수 땅볼 아웃,"2사 2,3루 0:0",이닝종료 0:0,1.95,0.642,-0.642,50.0%,-0.058
05-08,KIA,10회말,최지민,6 강민호,5 (1-2),2루수 플라이 아웃,무사  2:2,1사  2:2,2.26,0.585,-0.284,58.0%,-0.058
07-19,롯데,4회말,김진욱,5 강민호,6 (1-2),유격수 병살타 아웃,1사 1루 3:0,이닝종료 3:0,1.29,0.569,-0.569,16.0%,-0.054
08-01,LG,6회초,백승현,4 강민호,1 (0-0),우익수 플라이 아웃,2사 만루 2:0,이닝종료 2:0,2.06,0.831,-0.831,25.5%,-0.052
03-27,LG,8회초,김진성,6 강민호,4 (1-2),2루수 땅볼 아웃,무사  2:2,1사  2:2,1.85,0.535,-0.260,54.7%,-0.047
06-15,NC,4회초,하트,5 강민호,2 (1-0),2루수 땅볼 아웃,2사 3루 0:1,이닝종료 0:1,1.67,0.413,-0.413,68.8%,-0.046
08-03,SSG,1회말,송영진,4 강민호,4 (2-1),좌익수 플라이 아웃,"무사 1,2루 0:1","1사 1,2루 0:1",1.54,1.679,-0.559,67.9%,-0.044
07-18,KIA,1회초,알드레드,4 강민호,3 (0-2),헛스윙 삼진,"1사 1,2루 0:0","2사 1,2루 0:0",1.93,1.095,-0.619,50.6%,-0.044
03-29,SSG,8회말,조병현,4 강민호,3 (0-2),1루수 땅볼 아웃,무사  6:4,1사  6:4,1.71,0.536,-0.262,11.9%,-0.043
08-08,한화,8회말,한승혁,4 강민호,8 (3-2),낫아웃 삼진,무사  5:3,1사  5:3,1.71,0.597,-0.291,11.9%,-0.043
04-25,LG,7회말,김진성,8 강민호,1 (0-0),3루수 땅볼 아웃,1사 2루 5:2,2사 2루 5:2,1.47,0.797,-0.402,10.0%,-0.041
04-07,KIA,7회초,최지민,4 강민호,5 (2-2),헛스윙 삼진,2사 2루 4:3,이닝종료 4:3,1.38,0.392,-0.392,36.0%,-0.039
03-31,SSG,7회말,고효준,5 강민호,3 (2-0),3루수 파울플라이 아웃,무사  3:3,1사  3:3,1.51,0.540,-0.265,54.9%,-0.039
05-26,롯데,1회초,반즈,6 강민호,2 (0-1),우익수 플라이 아웃,"2사 1,2루 1:0",이닝종료 1:0,1.48,0.509,-0.509,44.5%,-0.038
07-30,LG,5회초,엔스,4 강민호,1 (0-0),우익수 플라이 아웃,2사 만루 4:1,이닝종료 4:1,1.49,0.823,-0.823,18.7%,-0.037
07-27,KT,3회말,벤자민,4 강민호,1 (0-0),중견수 플라이 아웃,2사 2루 0:0,이닝종료 0:0,1.32,0.393,-0.393,50.0%,-0.037
07-03,KIA,4회말,알드레드,4 강민호,3 (0-2),헛스윙 삼진,1사 1루 3:1,2사 1루 3:1,1.52,0.564,-0.330,27.3%,-0.036
04-07,KIA,1회초,양현종,4 강민호,3 (1-1),중견수 플라이 아웃,2사 3루 0:0,이닝종료 0:0,1.30,0.431,-0.431,54.8%,-0.036
06-14,NC,8회초,김재열,7 강민호,6 (2-2),헛스윙 삼진,1사 2루 5:4,2사 2루 5:4,1.26,0.796,-0.397,26.6%,-0.036
04-19,한화,2회초,페냐,5 강민호,1 (0-0),우익수 플라이 아웃,무사 1루 0:0,1사 1루 0:0,1.53,0.983,-0.428,49.8%,-0.035
06-09,키움,5회초,헤이수스,7 강민호,3 (0-2),헛스윙 삼진,무사 1루 1:0,1사 1루 1:0,1.50,0.972,-0.420,35.7%,-0.035
04-20,한화,4회초,황준서,6 강민호,2 (0-1),유격수 땅볼 아웃,2사 2루 1:0,이닝종료 1:0,1.22,0.397,-0.397,42.5%,-0.035
04-27,키움,4회초,후라도,7 강민호,6 (2-2),헛스윙 삼진,1사 1루 0:0,2사 1루 0:0,1.44,0.564,-0.326,53.2%,-0.034
07-13,두산,7회초,이병헌,4 강민호,3 (2-0),중견수 플라이 아웃,무사  4:6,1사  4:6,1.34,0.585,-0.283,85.3%,-0.034
03-27,LG,10회초,백승현,6 강민호,1 (0-0),3루수 땅볼 아웃,2사  2:2,이닝종료 2:2,1.32,0.107,-0.107,63.7%,-0.034
06-07,키움,3회초,조영건,7 강민호,1 (0-0),좌익수 플라이 아웃,"2사 1,2루 3:1",이닝종료 3:1,1.30,0.498,-0.498,32.3%,-0.034
08-06,한화,9회말,주현상,4 강민호,2 (1-0),3루수 파울플라이 아웃,1사 2루 8:5,2사 2루 8:5,1.22,0.801,-0.413,1.6%,-0.033
08-01,LG,2회초,임찬규,4 강민호,2 (0-1),우익수 플라이 아웃,"2사 1,2루 2:0",이닝종료 2:0,1.28,0.500,-0.500,33.7%,-0.033
05-02,두산,2회초,최원준,6 강민호,2 (1-0),3루수 땅볼 아웃,1사 2루 0:0,2사 3루 0:0,1.29,0.814,-0.392,51.3%,-0.032
04-23,LG,2회말,임찬규,6 강민호,4 (1-2),루킹 삼진,1사 1루 1:0,2사 1루 1:0,1.32,0.540,-0.314,41.1%,-0.032
05-18,한화,7회말,이민우,7 강민호,3 (0-2),유격수 직선타 아웃,2사 만루 5:7,이닝종료 5:7,1.25,0.938,-0.938,86.6%,-0.031
05-10,NC,5회초,하트,8 강민호,5 (1-2),루킹 삼진,2사 1루 0:0,이닝종료 0:0,1.11,0.230,-0.230,56.6%,-0.031
06-11,LG,4회말,정지헌,6 강민호,4 (1-2),헛스윙 삼진,무사 1루 1:2,1사 2루 1:2,1.33,0.970,-0.416,68.9%,-0.031
06-25,LG,9회초,켈리,8 강민호,5 (2-2),3루수 병살타 아웃,무사 1루 0:4,2사  0:4,0.75,0.991,-0.872,99.9%,-0.031
08-06,한화,5회말,박상원,4 강민호,4 (1-2),3루수 땅볼 아웃,무사  4:4,1사  4:4,1.17,0.594,-0.289,53.6%,-0.030
05-01,두산,1회초,브랜든,5 강민호,1 (0-0),유격수 땅볼 아웃,2사 2루 1:0,이닝종료 1:0,1.03,0.392,-0.392,44.5%,-0.029
05-03,롯데,2회말,나균안,7 강민호,2 (0-1),우익수 플라이 아웃,무사 1루 0:1,1사 1루 0:1,1.26,1.022,-0.453,65.9%,-0.029
05-21,KT,2회말,육청명,8 강민호,2 (0-1),우익수 희생플라이 아웃,"무사 2,3루 1:0",1사 2루 1:1,1.65,2.279,-0.480,57.0%,-0.027
06-27,LG,6회초,백승현,5 강민호,6 (3-2),1루수 파울플라이 아웃,2사 2루 2:0,이닝종료 2:0,0.94,0.400,-0.400,25.5%,-0.027
03-23,KT,6회초,우규민,5 강민호,1 (0-0),중견수 플라이 아웃,1사  1:2,2사  1:2,1.04,0.271,-0.167,72.5%,-0.026
04-23,LG,5회말,임찬규,6 강민호,4 (1-2),헛스윙 삼진,무사  3:0,1사  3:0,1.02,0.540,-0.265,16.1%,-0.026
04-02,키움,5회말,김선기,6 강민호,5 (3-1),3루수 땅볼 아웃,무사  4:1,1사  4:1,1.02,0.540,-0.265,16.1%,-0.026
04-04,키움,5회말,후라도,5 강민호,5 (2-2),2루수 땅볼 아웃,무사  3:0,1사  3:0,1.02,0.549,-0.267,16.1%,-0.026
04-26,키움,3회초,김인범,7 강민호,1 (0-0),2루수 땅볼 아웃,무사  0:0,1사  0:0,0.99,0.541,-0.266,52.5%,-0.025
06-26,LG,3회초,엔스,7 강민호,3 (1-1),유격수 땅볼 아웃,무사  0:0,1사  0:0,0.99,0.577,-0.274,52.5%,-0.025
07-17,KIA,7회초,임기영,4 강민호,6 (2-2),헛스윙 삼진,무사 1루 5:9,1사 1루 5:9,1.11,1.020,-0.451,94.1%,-0.025
07-03,KIA,2회말,알드레드,4 강민호,5 (2-2),3루수 땅볼 아웃,무사  2:0,1사  2:0,0.97,0.580,-0.278,31.2%,-0.025
07-20,롯데,2회말,이인복,5 강민호,5 (1-2),유격수 땅볼 아웃,무사  3:1,1사  3:1,0.97,0.588,-0.286,31.2%,-0.025
06-07,키움,7회초,오석주,7 강민호,6 (3-2),2루수 플라이 아웃,2사 2루 5:3,이닝종료 5:3,0.86,0.396,-0.396,21.5%,-0.025
04-05,KIA,2회초,크로우,5 강민호,7 (2-2),투수 땅볼 아웃,무사  0:1,1사  0:1,0.97,0.550,-0.267,63.0%,-0.024
06-27,LG,4회초,이상영,5 강민호,4 (1-2),좌익수 희생플라이 아웃,"무사 1,3루 0:0",1사 1루 1:0,1.85,1.962,-0.402,37.3%,-0.024
07-17,KIA,2회초,양현종,4 강민호,1 (0-0),3루수 땅볼 아웃,무사  0:1,1사  0:1,0.97,0.585,-0.283,63.0%,-0.024
07-30,LG,2회초,엔스,4 강민호,4 (2-1),우익수 플라이 아웃,무사  0:1,1사  0:1,0.97,0.586,-0.283,63.0%,-0.024
06-12,LG,4회말,손주영,5 강민호,4 (2-1),2루수 직선타 아웃,1사 1루 4:0,2사 1루 4:0,1.00,0.560,-0.318,11.8%,-0.024
06-15,NC,2회초,하트,5 강민호,5 (0-2),헛스윙 삼진,무사  0:0,1사  0:0,0.93,0.569,-0.270,52.4%,-0.024
06-27,LG,2회초,이상영,5 강민호,4 (2-1),3루수 땅볼 아웃,무사  0:0,1사  0:0,0.93,0.580,-0.277,52.4%,-0.024
06-30,KT,2회초,고영표,4 강민호,7 (3-2),유격수 플라이 아웃,무사  0:0,1사  0:0,0.93,0.582,-0.278,52.4%,-0.024
07-14,두산,2회초,발라조빅,4 강민호,4 (1-2),헛스윙 삼진,무사  0:0,1사  0:0,0.93,0.581,-0.280,52.4%,-0.024
04-14,NC,2회말,이재학,5 강민호,3 (1-1),1루수 땅볼 아웃,무사  0:0,1사  0:0,0.92,0.563,-0.268,52.8%,-0.023
06-21,두산,2회말,최준호,4 강민호,5 (1-2),루킹 삼진,무사  0:0,1사  0:0,0.92,0.574,-0.272,52.8%,-0.023
07-26,KT,2회말,엄상백,4 강민호,5 (2-2),중견수 플라이 아웃,무사  0:0,1사  0:0,0.92,0.588,-0.288,52.8%,-0.023
05-02,두산,4회초,최원준,6 강민호,4 (2-1),좌익수 플라이 아웃,무사  1:0,1사  1:0,0.90,0.584,-0.283,39.8%,-0.023
06-01,한화,5회말,김규연,6 강민호,2 (1-0),2루수 플라이 아웃,2사 1루 4:5,이닝종료 4:5,0.80,0.243,-0.243,66.3%,-0.023
08-03,SSG,2회말,송영진,4 강민호,8 (3-2),루킹 삼진,"2사 1,2루 0:3",이닝종료 0:3,0.88,0.500,-0.500,79.9%,-0.023
06-19,SSG,1회말,오원석,4 강민호,5 (2-2),낫아웃 삼진,2사 1루 0:0,이닝종료 0:0,0.79,0.239,-0.239,50.0%,-0.022
07-11,NC,1회말,신민혁,4 강민호,5 (1-2),중견수 방면 1루타,2사 1루 0:0,이닝종료 0:0,0.79,0.230,-0.230,50.0%,-0.022
07-27,KT,1회말,벤자민,4 강민호,5 (1-2),유격수 플라이 아웃,2사 1루 0:0,이닝종료 0:0,0.79,0.231,-0.231,50.0%,-0.022
07-28,KT,1회말,조이현,4 강민호,2 (0-1),좌익수 플라이 아웃,2사 1루 0:0,이닝종료 0:0,0.79,0.234,-0.234,50.0%,-0.022
07-24,한화,1회초,류현진,4 강민호,2 (0-1),3루수 파울플라이 아웃,2사 1루 0:0,이닝종료 0:0,0.79,0.227,-0.227,54.8%,-0.022
05-08,KIA,5회말,양현종,6 강민호,3 (1-1),좌익수 플라이 아웃,1사  0:0,2사  0:0,0.87,0.301,-0.185,51.5%,-0.022
05-18,한화,4회말,장시환,7 강민호,6 (2-2),좌익수 플라이 아웃,무사  3:4,1사  3:4,0.83,0.560,-0.268,66.6%,-0.021
07-03,KIA,6회말,장현식,4 강민호,4 (2-1),2루수 땅볼 아웃,무사  3:4,1사  3:4,0.83,0.580,-0.278,72.2%,-0.021
08-06,한화,3회말,바리아,4 강민호,2 (0-1),중견수 플라이 아웃,무사  1:2,1사  1:2,0.80,0.594,-0.289,65.0%,-0.021
07-31,LG,2회초,손주영,4 강민호,1 (0-0),유격수 땅볼 아웃,무사  0:3,1사  0:3,0.81,0.592,-0.287,80.2%,-0.020
07-14,두산,4회초,발라조빅,4 강민호,4 (0-2),루킹 삼진,1사  0:1,2사  0:1,0.81,0.301,-0.185,67.4%,-0.020
05-04,롯데,1회말,윌커슨,6 강민호,6 (1-2),헛스윙 삼진,2사 1루 1:2,이닝종료 1:2,0.70,0.226,-0.226,60.5%,-0.020
04-20,한화,2회초,황준서,6 강민호,6 (3-2),투수 땅볼 아웃,1사 1루 0:0,2사 2루 0:0,1.23,0.552,-0.156,51.7%,-0.019
06-30,KT,4회초,고영표,4 강민호,5 (1-2),낫아웃 삼진,1사  0:0,2사  0:0,0.78,0.304,-0.186,54.7%,-0.019
04-30,두산,5회초,곽빈,6 강민호,2 (0-1),중견수 플라이 아웃,1사  0:2,2사  0:2,0.79,0.304,-0.186,80.3%,-0.019
03-29,SSG,2회말,김광현,4 강민호,1 (0-0),3루수 땅볼 아웃,무사  4:0,1사  4:0,0.74,0.536,-0.262,15.7%,-0.019
06-01,한화,1회말,조동욱,6 강민호,6 (3-2),유격수 땅볼 아웃,1사 2루 0:3,2사 2루 0:3,0.66,0.792,-0.396,80.0%,-0.019
06-04,SSG,3회초,송영진,8 강민호,2 (0-1),좌익수 플라이 아웃,1사  0:1,2사  0:1,0.73,0.297,-0.179,65.9%,-0.018
04-27,키움,6회초,후라도,7 강민호,3 (1-1),3루수 땅볼 아웃,1사  1:0,2사  1:0,0.72,0.303,-0.182,38.0%,-0.018
07-24,한화,6회초,류현진,4 강민호,2 (0-1),중견수 플라이 아웃,1사  1:0,2사  1:0,0.72,0.302,-0.187,38.0%,-0.018
04-04,키움,7회말,김재웅,5 강민호,4 (1-2),루킹 삼진,무사  5:1,1사  5:1,0.69,0.549,-0.267,5.1%,-0.018
05-02,두산,9회초,홍건희,6 강민호,2 (0-1),2루수 직선타 아웃,"2사 1,3루 4:2",이닝종료 4:2,0.62,0.517,-0.517,9.1%,-0.017
08-07,한화,1회말,류현진,4 강민호,6 (2-2),선행주자아웃 출루,2사 1루 4:0,이닝종료 4:0,0.60,0.240,-0.240,15.4%,-0.017
04-09,롯데,2회초,나균안,7 강민호,6 (3-2),헛스윙 삼진,1사  0:1,2사  0:1,0.68,0.273,-0.168,64.7%,-0.017
05-14,SSG,3회초,오원석,8 강민호,3 (0-2),헛스윙 삼진,1사  0:2,2사  0:2,0.67,0.288,-0.173,75.7%,-0.017
07-24,한화,8회초,김서현,4 강민호,8 (3-2),헛스윙 삼진,1사  2:1,2사  2:1,0.68,0.302,-0.187,29.2%,-0.017
04-04,키움,2회말,후라도,5 강민호,7 (3-2),루킹 삼진,1사  0:0,2사  0:0,0.67,0.282,-0.171,51.1%,-0.017
05-11,NC,9회초,이용찬,1 강민호,5 (3-1),우익수 플라이 아웃,무사  3:2,1사  3:2,0.66,0.554,-0.269,17.9%,-0.017
04-20,한화,9회초,장민재,6 강민호,5 (2-2),3루수 땅볼 아웃,무사  1:0,1사  1:0,0.66,0.563,-0.268,17.9%,-0.017
04-14,NC,3회말,이재학,5 강민호,3 (1-1),중견수 플라이 아웃,2사 1루 1:3,이닝종료 1:3,0.58,0.242,-0.242,73.3%,-0.016
04-27,키움,2회초,후라도,7 강민호,2 (1-0),2루수 땅볼 아웃,1사  0:0,2사  0:0,0.65,0.303,-0.182,54.0%,-0.016
08-02,SSG,4회말,엘리아스,4 강민호,1 (0-0),우익수 플라이 아웃,1사  3:0,2사  3:0,0.65,0.305,-0.187,17.0%,-0.016
06-11,LG,1회말,김유영,6 강민호,1 (0-0),3루수 땅볼 아웃,2사 1루 0:2,이닝종료 0:2,0.57,0.242,-0.242,70.1%,-0.016
03-30,SSG,6회말,엘리아스,1 강민호,3 (2-0),2루수 땅볼 아웃,2사 1루 8:4,이닝종료 8:4,0.56,0.225,-0.225,5.7%,-0.016
05-03,롯데,5회말,한현희,7 강민호,2 (0-1),유격수 땅볼 아웃,1사  4:5,2사  4:5,0.63,0.301,-0.185,67.3%,-0.016
06-21,두산,4회말,최준호,4 강민호,2 (0-1),유격수 직선타 아웃,무사  1:3,1사  1:3,0.60,0.574,-0.272,77.4%,-0.015
07-04,KIA,6회말,황동하,4 강민호,2 (0-1),3루수 직선타 아웃,1사  2:3,2사  2:3,0.62,0.302,-0.184,70.6%,-0.015
06-23,두산,4회말,홍건희,8 강민호,4 (1-2),투수 땅볼 아웃,무사  1:3,1사  1:3,0.60,0.579,-0.277,77.4%,-0.015
05-04,롯데,4회말,윌커슨,6 강민호,3 (1-1),투수 땅볼 아웃,1사  1:2,2사  1:2,0.61,0.301,-0.185,65.1%,-0.015
03-31,SSG,2회말,더거,5 강민호,4 (2-1),유격수 땅볼 아웃,1사  3:0,2사  3:0,0.60,0.275,-0.168,21.1%,-0.015
06-06,SSG,7회초,이로운,9 강민호,1 (0-0),유격수 땅볼 아웃,무사  0:4,1사  0:4,0.59,0.566,-0.270,95.8%,-0.015
04-07,KIA,5회초,양현종,4 강민호,4 (0-2),유격수 땅볼 아웃,2사  3:3,이닝종료 3:3,0.57,0.112,-0.112,56.6%,-0.015
06-02,한화,8회말,박상원,7 강민호,1 (0-0),중견수 플라이 아웃,2사 1루 0:1,이닝종료 0:1,0.52,0.243,-0.243,83.8%,-0.015
04-12,NC,4회말,카스타노,6 강민호,2 (1-0),우익수 플라이 아웃,무사  6:1,1사  6:1,0.55,0.562,-0.269,7.5%,-0.014
03-31,SSG,4회말,더거,5 강민호,1 (0-0),2루수 플라이 아웃,2사  3:2,이닝종료 3:2,0.55,0.107,-0.107,35.9%,-0.014
06-19,SSG,4회말,오원석,4 강민호,4 (2-1),2루수 땅볼 아웃,2사  1:0,이닝종료 1:0,0.55,0.120,-0.120,35.9%,-0.014
07-21,롯데,5회말,반즈,4 강민호,1 (0-0),유격수 땅볼 아웃,"1사 2,3루 4:2",2사 3루 4:3,2.33,1.585,-0.161,39.4%,-0.014
06-27,LG,8회초,김대현,5 강민호,4 (1-2),헛스윙 삼진,2사 1루 2:0,이닝종료 2:0,0.47,0.239,-0.239,16.2%,-0.013
03-24,KT,3회초,엄상백,5 강민호,2 (0-1),2루수 플라이 아웃,무사  3:0,1사  3:0,0.52,0.529,-0.258,21.5%,-0.013
06-13,LG,4회말,켈리,6 강민호,4 (1-2),루킹 삼진,2사  2:2,이닝종료 2:2,0.52,0.120,-0.120,50.0%,-0.013
04-05,KIA,4회초,크로우,5 강민호,2 (1-0),1루수 땅볼 아웃,2사  0:1,이닝종료 0:1,0.51,0.111,-0.111,68.8%,-0.013
04-19,한화,4회초,페냐,5 강민호,2 (0-1),유격수 땅볼 아웃,2사  0:1,이닝종료 0:1,0.51,0.118,-0.118,68.8%,-0.013
04-14,NC,5회말,이준호,5 강민호,6 (2-2),유격수 병살타 아웃,1사 1루 2:6,이닝종료 2:6,0.29,0.549,-0.549,92.1%,-0.013
07-11,NC,4회말,이준호,4 강민호,4 (2-1),좌익수 플라이 아웃,"2사 1,2루 2:6",이닝종료 2:6,0.50,0.476,-0.476,90.0%,-0.013
07-26,KT,9회말,박영현,4 강민호,2 (0-1),우익수 플라이 아웃,1사  4:1,2사  4:1,0.50,0.301,-0.186,0.5%,-0.013
04-26,키움,8회초,김재웅,7 강민호,6 (2-2),선행주자아웃 출루,"2사 1,2루 3:0",이닝종료 3:0,0.50,0.481,-0.481,8.4%,-0.013
05-31,한화,3회말,장시환,6 강민호,2 (0-1),3루수 땅볼 아웃,2사  5:4,이닝종료 5:4,0.49,0.120,-0.120,37.5%,-0.013
05-21,KT,4회말,육청명,8 강민호,2 (0-1),우익수 플라이 아웃,2사  3:1,이닝종료 3:1,0.49,0.118,-0.118,24.5%,-0.013
04-11,롯데,6회초,이인복,7 강민호,5 (2-2),유격수 땅볼 아웃,1사 1루 2:0,2사 2루 2:0,0.87,0.552,-0.161,22.8%,-0.012
05-17,한화,6회말,장민재,8 강민호,8 (3-2),유격수 땅볼 아웃,2사 3루 2:5,이닝종료 2:5,0.43,0.392,-0.392,89.7%,-0.012
06-15,NC,6회초,배재환,5 강민호,1 (0-0),1루수 파울플라이 아웃,1사  3:1,2사  3:1,0.49,0.299,-0.181,24.6%,-0.012
05-26,롯데,5회초,김상수,6 강민호,3 (1-1),2루수 플라이 아웃,2사  1:3,이닝종료 1:3,0.47,0.118,-0.118,81.5%,-0.012
03-24,KT,5회초,김민수,5 강민호,2 (1-0),3루수 땅볼 아웃,무사  4:1,1사  4:1,0.47,0.529,-0.258,17.2%,-0.012
07-23,한화,5회초,박상원,4 강민호,1 (0-0),유격수 직선타 아웃,2사  3:2,이닝종료 3:2,0.47,0.115,-0.115,41.2%,-0.012
05-14,SSG,7회초,최민준,8 강민호,5 (3-1),선행주자아웃 출루,2사 1루 0:4,이닝종료 0:4,0.41,0.233,-0.233,97.2%,-0.012
05-09,KIA,8회말,김도현,8 강민호,2 (0-1),2루수 플라이 아웃,"무사 2,3루 2:4","1사 2,3루 2:4",0.29,2.322,-0.727,96.4%,-0.012
06-20,SSG,3회말,송영진,4 강민호,4 (2-1),2루수 땅볼 아웃,1사  0:2,2사  0:2,0.45,0.303,-0.182,74.1%,-0.011
07-04,KIA,3회말,양현종,4 강민호,6 (3-2),3루수 직선타 아웃,1사  1:3,2사  1:3,0.45,0.302,-0.184,74.1%,-0.011
06-25,LG,3회초,켈리,8 강민호,4 (1-2),유격수 땅볼 아웃,1사  0:4,2사  0:4,0.44,0.303,-0.183,89.1%,-0.011
05-08,KIA,2회말,양현종,6 강민호,6 (2-2),유격수 직선타 아웃,2사  0:0,이닝종료 0:0,0.43,0.115,-0.115,50.0%,-0.011
05-04,롯데,6회말,윌커슨,6 강민호,1 (0-0),2루수 플라이 아웃,2사  1:2,이닝종료 1:2,0.42,0.115,-0.115,69.6%,-0.011
04-05,KIA,8회초,김건국,5 강민호,1 (0-0),유격수 땅볼 아웃,1사 3루 1:5,2사  2:5,0.66,0.976,0.136,96.7%,-0.011
06-25,LG,6회초,켈리,8 강민호,4 (1-2),유격수 땅볼 아웃,1사  0:4,2사  0:4,0.40,0.303,-0.183,94.7%,-0.010
06-09,키움,2회초,헤이수스,7 강민호,4 (1-2),우익수 플라이 아웃,2사  1:0,이닝종료 1:0,0.39,0.119,-0.119,44.0%,-0.010
04-30,두산,2회초,곽빈,6 강민호,6 (3-2),낫아웃 삼진,2사  0:2,이닝종료 0:2,0.39,0.118,-0.118,75.0%,-0.010
06-12,LG,8회말,이지강,5 강민호,4 (1-2),루킹 삼진,1사  4:5,2사  4:5,0.40,0.297,-0.178,84.5%,-0.010
05-18,한화,5회말,윤대경,7 강민호,3 (0-2),우익수 플라이 아웃,2사 1루 4:7,이닝종료 4:7,0.35,0.239,0.761,86.7%,-0.010
05-21,KT,7회말,김민,8 강민호,3 (1-1),3루수 땅볼 아웃,2사  4:1,이닝종료 4:1,0.38,0.118,-0.118,6.9%,-0.010
04-05,KIA,7회초,이형범,5 강민호,2 (0-1),유격수 땅볼 아웃,무사  0:5,1사  0:5,0.35,0.550,-0.267,97.9%,-0.009
04-16,두산,6회말,박치국,5 강민호,8 (3-2),좌익수 플라이 아웃,"2사 1,2루 3:7",이닝종료 3:7,0.32,0.513,-0.513,94.3%,-0.008
04-11,롯데,9회초,김상수,7 강민호,2 (0-1),유격수 땅볼 아웃,무사  2:0,1사  2:0,0.29,0.559,-0.269,8.1%,-0.008
04-16,두산,1회말,박소준,5 강민호,4 (2-1),유격수 직선타 아웃,2사  0:2,이닝종료 0:2,0.29,0.119,-0.119,70.1%,-0.008
07-11,NC,7회말,김영규,4 강민호,2 (0-1),유격수 땅볼 아웃,1사  4:6,2사  4:6,0.31,0.302,-0.186,87.2%,-0.008
07-27,KT,7회말,김민수,4 강민호,7 (3-2),헛스윙 삼진,1사  1:3,2사  1:3,0.31,0.301,-0.186,87.2%,-0.008
03-29,SSG,3회말,김광현,4 강민호,3 (0-2),헛스윙 삼진,2사  5:1,이닝종료 5:1,0.29,0.107,-0.107,12.0%,-0.008
07-02,KIA,6회말,장현식,4 강민호,4 (2-1),좌익수 플라이 아웃,무사  1:4,1사  1:4,0.30,0.580,-0.278,90.6%,-0.008
07-28,KT,6회말,우규민,4 강민호,3 (0-2),투수 땅볼 아웃,무사  0:3,1사  0:3,0.30,0.586,-0.284,90.6%,-0.008
04-24,LG,6회말,켈리,9 강민호,1 (0-0),2루수 플라이 아웃,"1사 1,3루 0:5","2사 1,3루 0:5",0.19,1.281,-0.716,97.5%,-0.007
06-13,LG,8회말,켈리,6 강민호,2 (0-1),우익수 플라이 아웃,"2사 1,3루 3:6",이닝종료 3:6,0.24,0.545,-0.545,96.7%,-0.006
07-31,LG,6회초,손주영,4 강민호,5 (1-2),낫아웃 삼진,1사  1:6,2사  1:6,0.25,0.305,-0.189,97.2%,-0.006
08-03,SSG,3회말,한두솔,4 강민호,1 (0-0),3루수 병살타 아웃,"1사 1,3루 0:8",이닝종료 0:8,0.09,1.315,-1.315,98.3%,-0.006
07-10,NC,3회말,카스타노,4 강민호,7 (3-2),헛스윙 삼진,무사  1:6,1사  1:6,0.20,0.579,-0.276,93.0%,-0.005
08-01,LG,8회초,김영준,4 강민호,4 (2-1),좌익수 플라이 아웃,무사 1루 4:0,1사 1루 4:0,0.20,1.036,-0.455,3.4%,-0.005
08-03,SSG,6회말,이건욱,4 강민호,4 (1-2),2루수 병살타 아웃,"무사 1,2루 2:8",2사 3루 2:8,0.08,1.679,-1.250,98.7%,-0.005
06-13,LG,6회말,켈리,6 강민호,1 (0-0),1루수 땅볼 아웃,2사  2:5,이닝종료 2:5,0.16,0.120,-0.120,89.7%,-0.004
06-20,SSG,8회말,서진용,4 강민호,1 (0-0),1루수 파울플라이 아웃,2사 만루 0:4,이닝종료 0:4,0.14,0.850,-0.850,98.6%,-0.004
05-16,SSG,8회초,최민준,9 강민호,1 (0-0),우익수 플라이 아웃,2사  6:3,이닝종료 6:3,0.14,0.119,-0.119,8.4%,-0.004
08-04,SSG,7회말,이로운,2 강민호,3 (2-0),우익수 플라이 아웃,1사 2루 3:7,2사 3루 3:7,0.15,0.801,-0.364,97.1%,-0.004
05-26,롯데,7회초,전미르,6 강민호,5 (3-1),선행주자아웃 출루,2사 1루 1:7,이닝종료 1:7,0.12,0.242,-0.242,99.4%,-0.004
04-09,롯데,8회초,박진형,7 강민호,6 (3-2),우익수 플라이 아웃,무사  5:1,1사  5:1,0.13,0.531,-0.258,3.8%,-0.003
07-30,LG,7회초,이지강,4 강민호,3 (1-1),선행주자아웃 출루,2사 1루 6:1,이닝종료 6:1,0.11,0.237,-0.237,3.7%,-0.003
07-04,KIA,9회말,황동하,4 강민호,3 (0-2),좌익수 플라이 아웃,1사  8:3,2사  8:3,0.08,0.302,-0.184,0.1%,-0.002
04-25,LG,9회말,김유영,8 강민호,3 (2-0),투수 땅볼 아웃,"2사 1,2루 8:2",이닝종료 8:2,0.06,0.503,-0.503,0.0%,-0.002
04-02,키움,7회말,김윤하,6 강민호,1 (0-0),유격수 땅볼 아웃,1사  8:1,2사  8:1,0.07,0.275,-0.168,0.5%,-0.002
05-17,한화,8회말,한승주,8 강민호,3 (1-1),우익수 플라이 아웃,무사 1루 3:7,1사 1루 3:7,0.07,0.977,-0.426,98.9%,-0.002
07-18,KIA,8회초,김승현,4 강민호,5 (1-2),3루수 땅볼 아웃,무사  3:10,1사  3:10,0.06,0.584,-0.283,99.8%,-0.002
06-16,NC,1회초,김시훈,4 강민호,2 (0-1),유격수 땅볼 아웃,"1사 2,3루 0:0",2사 2루 1:0,1.51,1.561,-0.166,41.6%,-0.001
07-17,KIA,9회초,전상현,4 강민호,1 (0-0),2루수 플라이 아웃,2사 1루 5:10,이닝종료 5:10,0.04,0.229,-0.229,100.0%,-0.001
04-17,두산,6회말,최준호,5 강민호,1 (0-0),2루수 병살타 아웃,"1사 1,2루 1:9",이닝종료 1:9,0.02,0.966,-0.966,99.6%,-0.001
06-19,SSG,7회말,최민준,4 강민호,2 (1-0),중견수 플라이 아웃,1사  2:7,2사  2:7,0.04,0.302,-0.183,98.4%,-0.001
07-10,NC,6회말,최성영,4 강민호,2 (1-0),좌익수 플라이 아웃,2사 2루 3:10,이닝종료 3:10,0.04,0.393,-0.393,99.2%,-0.001
04-09,롯데,9회초,박진,7 강민호,3 (1-1),3루수 파울플라이 아웃,"1사 1,3루 7:1","2사 1,3루 7:1",0.03,1.255,-0.710,0.3%,-0.001
05-23,KT,9회말,박영현,2 강민호,1 (0-0),중견수 플라이 아웃,1사 1루 9:2,2사 1루 9:2,0.04,0.549,-0.311,0.0%,-0.001
06-09,키움,8회초,김연주,7 강민호,6 (1-2),헛스윙 삼진,무사  7:1,1사  7:1,0.03,0.563,-0.268,0.9%,-0.001
07-30,LG,9회초,정지헌,4 강민호,3 (0-2),헛스윙 삼진,1사 만루 7:1,2사 만루 7:1,0.02,1.940,-1.118,0.2%,-0.001
03-28,LG,6회초,손주영,5 강민호,4 (1-2),3루수 땅볼 아웃,1사  0:9,2사  0:9,0.02,0.276,-0.168,99.8%,-0.001
08-07,한화,8회말,이민우,4 강민호,2 (1-0),2루수 땅볼 아웃,2사  6:10,이닝종료 6:10,0.02,0.120,-0.120,98.6%,-0.001
05-29,키움,9회말,전준표,2 강민호,3 (1-1),투수 땅볼 아웃,2사 3루 11:5,이닝종료 11:5,0.01,0.432,-0.432,0.0%,-0.001
04-28,키움,9회초,박윤성,5 강민호,3 (1-1),2루수 플라이 아웃,"2사 1,2루 11:5",이닝종료 11:5,0.03,0.499,-0.499,0.3%,-0.001
05-01,두산,9회초,박치국,5 강민호,2 (0-1),2루수 병살타 아웃,무사 1루 9:2,2사  9:2,0.01,1.006,-0.890,0.1%,0.000
08-01,LG,9회초,최동환,4 강민호,3 (0-2),2루수 병살타 아웃,1사 1루 7:0,이닝종료 7:0,0.01,0.581,-0.581,0.1%,0.000
08-03,SSG,7회말,이건욱,4 강민호,3 (2-0),중견수 플라이 아웃,"1사 1,2루 2:12","2사 1,2루 2:12",0.00,1.120,-0.620,100.0%,0.000
04-17,두산,8회말,박치국,5 강민호,4 (2-1),유격수 방면 내야 안타,2사 1루 1:9,"2사 1,2루 1:9",0.00,0.226,0.260,100.0%,0.000
07-10,NC,8회말,전루건,4 강민호,1 (0-0),사구,"1사 2,3루 6:11",1사 만루 6:11,0.03,1.534,0.338,99.7%,0.000
07-28,KT,8회말,김민,4 강민호,4 (1-2),낫아웃 포일 출루,1사  3:3,1사 1루 3:3,1.39,0.302,0.000,56.1%,0.000
04-14,NC,7회말,최성영,5 강민호,2 (0-1),우익수 방면 1루타,2사  2:9,2사 1루 2:9,0.01,0.118,0.124,99.7%,0.000
04-28,키움,8회초,김동혁,5 강민호,5 (3-1),4구,1사 2루 10:2,"1사 1,2루 10:2",0.01,0.793,0.252,0.2%,0.000
07-20,롯데,6회말,진해수,5 강민호,3 (2-0),중견수 방면 1루타,무사  4:14,무사 1루 4:14,0.00,0.588,0.437,99.9%,0.000
07-31,LG,9회초,최동환,4 강민호,3 (2-0),좌익수 뒤 홈런,무사  1:11,무사  2:11,0.00,0.592,1.000,100.0%,0.000
04-06,KIA,9회초,전상현,8 강민호,3 (0-2),2루수 땅볼 아웃,무사 2루 4:4,1사 3루 4:4,2.64,1.300,-0.310,32.8%,0.000
05-16,SSG,9회초,박민호,9 강민호,2 (0-1),중견수 방면 1루타,2사 3루 11:3,2사 1루 12:3,0.01,0.415,0.821,0.0%,0.000
04-17,두산,2회말,최준호,5 강민호,1 (0-0),우익수 방면 1루타,2사  0:7,2사 1루 0:7,0.05,0.108,0.118,96.6%,0.001
04-23,LG,7회말,우강훈,6 강민호,7 (3-2),4구,2사  3:7,2사 1루 3:7,0.06,0.106,0.119,96.8%,0.002
04-17,두산,5회말,최준호,5 강민호,4 (1-2),우익수 방면 2루타,무사  1:8,무사 2루 1:8,0.04,0.536,0.715,99.2%,0.003
07-13,두산,9회초,김택연,4 강민호,3 (1-1),우익수 방면 1루타,2사  4:8,2사 1루 4:8,0.04,0.117,0.112,99.6%,0.003
05-04,롯데,8회말,전미르,6 강민호,1 (0-0),좌익수 방면 1루타,2사 1루 8:2,"2사 1,2루 8:2",0.08,0.226,0.250,0.8%,0.003
05-12,NC,8회초,신영우,8 강민호,3 (1-1),중견수 방면 1루타,2사  5:2,2사 1루 5:2,0.14,0.116,0.120,7.7%,0.004
06-21,두산,5회말,이영하,4 강민호,2 (0-1),우익수 방면 2루타,2사  2:7,2사 2루 2:7,0.06,0.120,0.281,96.0%,0.004
07-14,두산,9회초,박정수,4 강민호,6 (3-2),4구,"2사 1,2루 5:2",2사 만루 5:2,0.25,0.473,0.317,3.1%,0.004
04-07,KIA,9회초,윤중현,4 강민호,8 (3-2),우익수 희생플라이 아웃,"1사 2,3루 6:3",2사 2루 7:3,0.23,1.616,-0.224,1.5%,0.005
07-10,NC,5회말,송명기,4 강민호,4 (3-0),4구,무사  3:8,무사 1루 3:8,0.13,0.579,0.423,96.7%,0.005
04-16,두산,3회말,박소준,5 강민호,2 (1-0),우익수 방면 1루타,1사  0:5,1사 1루 0:5,0.14,0.298,0.256,93.6%,0.005
05-03,롯데,3회말,나균안,7 강민호,3 (1-1),우익수 방면 1루타,1사  0:5,1사 1루 0:5,0.14,0.301,0.268,93.6%,0.005
06-23,두산,6회말,김유성,8 강민호,6 (3-2),4구,무사 3루 1:4,"무사 1,3루 1:4",0.31,1.402,0.570,95.5%,0.007
04-16,두산,5회말,홍건희,5 강민호,5 (3-1),4구,2사 1루 2:5,"2사 1,2루 2:5",0.35,0.244,0.270,88.4%,0.008
05-14,SSG,5회초,오원석,8 강민호,3 (0-2),중견수 방면 1루타,2사  0:4,2사 1루 0:4,0.24,0.115,0.118,91.9%,0.009
06-20,SSG,7회말,이로운,4 강민호,6 (3-2),4구,2사 1루 0:2,"2사 1,2루 0:2",0.39,0.239,0.265,88.6%,0.009
04-12,NC,6회말,카스타노,6 강민호,2 (0-1),중견수 방면 1루타,2사 3루 8:1,2사 1루 8:2,0.16,0.435,0.804,2.2%,0.009
07-20,롯데,5회말,박진,5 강민호,3 (1-1),우익수 방면 2루타,무사  4:9,무사 2루 4:9,0.13,0.588,0.688,97.1%,0.009
06-06,SSG,9회초,이로운,9 강민호,5 (3-1),4구,1사  0:4,1사 1루 0:4,0.17,0.296,0.257,98.5%,0.009
06-20,SSG,1회말,송영진,4 강민호,5 (3-1),4구,2사 2루 0:0,"2사 1,2루 0:0",1.14,0.403,0.100,54.2%,0.010
04-12,NC,8회말,김재열,6 강민호,1 (0-0),중견수 방면 1루타,"2사 1,2루 8:2","2사 1,3루 8:3",0.20,0.505,1.070,1.8%,0.010
06-11,LG,7회말,우강훈,6 강민호,3 (1-1),사구,2사  4:5,2사 1루 4:5,0.39,0.119,0.123,76.9%,0.010
04-30,두산,8회초,김강률,6 강민호,1 (0-0),좌익수 방면 1루타,2사 1루 0:4,"2사 1,2루 0:4",0.29,0.234,0.258,96.8%,0.011
07-17,KIA,4회초,양현종,4 강민호,6 (2-2),중견수 방면 1루타,2사  0:3,2사 1루 0:3,0.35,0.117,0.112,84.3%,0.012
07-23,한화,3회초,바리아,4 강민호,6 (3-2),중견수 방면 1루타,2사  1:0,2사 1루 1:0,0.41,0.115,0.112,41.1%,0.012
07-24,한화,3회초,류현진,4 강민호,2 (1-0),좌익수 방면 1루타,2사  1:0,2사 1루 1:0,0.41,0.115,0.112,41.1%,0.012
05-25,롯데,8회초,구승민,8 강민호,5 (3-1),4구,2사  6:5,2사 1루 6:5,0.47,0.118,0.123,27.9%,0.013
05-02,두산,8회초,박정수,6 강민호,2 (0-1),좌익수 방면 1루타,2사  2:1,2사 1루 2:1,0.47,0.117,0.110,27.9%,0.013
04-06,KIA,7회초,장현식,8 강민호,6 (3-2),4구,2사 2루 4:4,"2사 1,2루 4:4",2.19,0.393,0.105,51.3%,0.013
05-26,롯데,3회초,최이준,6 강민호,5 (3-1),중견수 방면 1루타,2사  1:1,2사 1루 1:1,0.46,0.118,0.124,52.9%,0.014
07-26,KT,7회말,엄상백,4 강민호,2 (0-1),유격수 포구실책 출루,2사  4:1,2사 1루 4:1,0.38,0.114,0.114,9.3%,0.014
03-23,KT,4회초,쿠에바스,5 강민호,3 (0-2),좌익수 방면 1루타,2사  1:1,2사 1루 1:1,0.51,0.104,0.117,53.2%,0.015
05-31,한화,7회말,김범수,6 강민호,6 (3-2),4구,무사  6:8,무사 1루 6:8,0.40,0.569,0.421,90.5%,0.015
07-27,KT,5회말,벤자민,4 강민호,,자동 고의4구,"2사 2,3루 1:1",2사 만루 1:1,2.65,0.631,0.190,59.4%,0.016
08-06,한화,7회말,한승혁,4 강민호,3 (2-0),좌익수 방면 1루타,2사 1루 8:4,"2사 1,2루 8:4",0.48,0.239,0.262,6.5%,0.016
06-07,키움,5회초,조영건,7 강민호,6 (2-2),중견수 희생플라이 아웃,1사 3루 4:1,2사  5:1,0.79,1.035,0.084,11.4%,0.017
06-05,SSG,9회초,한두솔,8 강민호,3 (1-1),유격수 송구실책 출루,무사  3:7,무사 1루 3:7,0.34,0.567,0.416,96.8%,0.018
07-04,KIA,1회말,양현종,4 강민호,3 (0-2),유격수 방면 내야 안타,2사  0:1,2사 2루 0:1,0.36,0.118,0.275,63.4%,0.019
06-20,SSG,6회말,송영진,4 강민호,2 (1-0),좌익수 방면 1루타,무사  0:2,무사 1루 0:2,0.50,0.575,0.418,86.8%,0.019
07-19,롯데,6회말,김진욱,5 강민호,5 (3-1),4구,2사 2루 4:2,"2사 1,2루 4:2",1.63,0.394,0.082,24.7%,0.020
04-11,롯데,4회초,이인복,7 강민호,1 (0-0),우익수 방면 1루타,2사 1루 2:0,"2사 1,3루 2:0",0.66,0.237,0.339,26.7%,0.021
05-11,NC,7회초,김영규,1 강민호,7 (3-2),4구,2사 2루 0:2,"2사 1,2루 0:2",1.49,0.393,0.110,82.5%,0.022
05-23,KT,7회말,김민수,2 강민호,2 (0-1),좌익수 방면 1루타,2사 2루 6:1,2사 1루 6:2,0.34,0.392,0.846,4.9%,0.022
04-10,롯데,9회초,김원중,8 강민호,3 (2-0),사구,1사 2루 7:7,"1사 1,2루 7:7",3.27,0.787,0.214,41.9%,0.023
08-07,한화,4회말,류현진,4 강민호,5 (3-1),4구,무사 2루 6:0,"무사 1,2루 6:0",0.65,1.288,0.391,10.4%,0.023
05-25,롯데,3회초,김진욱,8 강민호,5 (2-2),중견수 방면 1루타,1사  0:3,1사 1루 0:3,0.58,0.294,0.253,79.6%,0.024
04-12,NC,2회말,카스타노,6 강민호,6 (3-2),4구,무사  5:0,무사 1루 5:0,0.58,0.562,0.422,14.6%,0.025
07-13,두산,1회초,시라카와,4 강민호,3 (1-1),우익수 방면 1루타,2사 1루 0:0,"2사 1,3루 0:0",0.79,0.229,0.289,50.0%,0.026
07-18,KIA,5회초,임기영,4 강민호,1 (0-0),좌익수 방면 1루타,2사 1루 3:5,"2사 1,2루 3:5",0.98,0.227,0.249,76.2%,0.026
05-01,두산,7회초,김명신,5 강민호,2 (1-0),좌익수 방면 1루타,"1사 1,3루 5:2","1사 1,2루 6:2",0.76,1.304,0.766,4.9%,0.027
08-01,LG,5회초,임찬규,4 강민호,3 (1-1),좌익수 방면 1루타,무사  2:0,무사 1루 2:0,0.69,0.592,0.444,21.8%,0.027
03-24,KT,1회초,엄상백,5 강민호,6 (3-2),4구,"1사 1,3루 1:0",1사 만루 1:0,1.64,1.262,0.391,31.6%,0.027
08-08,한화,3회말,문동주,4 강민호,3 (0-2),중견수 방면 1루타,1사  2:2,1사 1루 2:2,0.72,0.307,0.276,55.7%,0.028
05-01,두산,4회초,브랜든,5 강민호,4 (2-1),좌익수 방면 1루타,1사  1:1,1사 1루 1:1,0.78,0.302,0.262,49.7%,0.030
03-23,KT,10회초,박영현,5 강민호,,자동 고의4구,"1사 1,3루 2:2",1사 만루 2:2,5.19,1.262,0.391,28.5%,0.031
07-17,KIA,5회초,양현종,4 강민호,2 (1-0),중견수 방면 1루타,2사 2루 4:9,2사 1루 5:9,0.44,0.394,0.835,91.9%,0.031
04-26,키움,5회초,김인범,7 강민호,3 (0-2),좌익수 방면 1루타,1사  0:0,1사 1루 0:0,0.87,0.275,0.261,49.7%,0.033
06-26,LG,5회초,엔스,7 강민호,2 (1-0),중견수 방면 1루타,1사  0:0,1사 1루 0:0,0.87,0.302,0.258,49.7%,0.033
04-09,롯데,6회초,나균안,7 강민호,4 (3-0),4구,1사 2루 0:1,"1사 1,2루 0:1",2.03,0.766,0.204,59.9%,0.033
03-24,KT,6회초,주권,5 강민호,2 (1-0),좌익수 방면 1루타,2사 2루 5:1,2사 1루 6:1,0.38,0.380,0.841,5.0%,0.033
08-02,SSG,8회말,노경은,4 강민호,7 (3-2),우익수 방면 1루타,2사  3:2,2사 1루 3:2,1.25,0.117,0.119,23.1%,0.036
04-02,키움,2회말,김선기,6 강민호,2 (0-1),중견수 방면 1루타,1사 1루 0:0,"1사 1,2루 0:0",1.22,0.536,0.435,59.0%,0.037
04-26,키움,7회초,조상우,7 강민호,2 (1-0),좌익수 방면 1루타,무사  1:0,무사 1루 1:0,0.98,0.541,0.417,26.7%,0.037
04-20,한화,7회초,김규연,6 강민호,2 (0-1),중견수 방면 1루타,무사  1:0,무사 1루 1:0,0.98,0.563,0.412,26.7%,0.037
08-02,SSG,2회말,엘리아스,4 강민호,4 (2-1),우익수 방면 1루타,무사  3:0,무사 1루 3:0,0.87,0.592,0.444,28.5%,0.037
03-27,LG,6회초,이지강,6 강민호,5 (3-1),4구,무사  2:1,무사 1루 2:1,0.97,0.535,0.419,30.0%,0.038
04-06,KIA,5회초,이형범,8 강민호,2 (0-1),사구,"2사 1,2루 3:3",2사 만루 3:3,2.24,0.498,0.456,47.0%,0.039
07-11,NC,3회말,신민혁,4 강민호,5 (1-2),좌익수 뒤 홈런,1사  0:4,1사  0:5,0.22,0.302,1.000,93.0%,0.040
06-12,LG,2회말,손주영,5 강민호,5 (3-1),중견수 방면 1루타,무사  2:0,무사 1루 2:0,0.97,0.567,0.411,37.8%,0.041
07-03,KIA,8회말,임기영,4 강민호,3 (2-0),중견수 방면 1루타,2사 1루 6:4,"2사 1,2루 6:4",1.50,0.235,0.257,15.7%,0.041
07-21,롯데,4회말,반즈,4 강민호,1 (0-0),우익수 방면 1루타,무사  4:1,무사 1루 4:1,0.97,0.588,0.437,25.2%,0.042
06-26,LG,7회초,정우영,7 강민호,4 (1-2),좌익수 방면 2루타,2사  0:0,2사 2루 0:0,0.78,0.119,0.281,52.6%,0.042
03-27,LG,4회초,최원태,6 강민호,1 (0-0),우익수 방면 1루타,무사  1:1,무사 1루 1:1,1.08,0.535,0.419,45.7%,0.043
06-16,NC,4회초,김시훈,4 강민호,5 (3-1),4구,무사  1:1,무사 1루 1:1,1.08,0.569,0.410,45.7%,0.043
06-23,두산,3회말,브랜든,8 강민호,5 (3-1),4구,무사  1:0,무사 1루 1:0,1.08,0.579,0.424,47.8%,0.044
06-12,LG,6회말,손주영,5 강민호,4 (2-1),중견수 방면 1루타,1사  4:3,1사 1루 4:3,1.15,0.297,0.263,39.7%,0.044
05-31,한화,5회말,박상원,6 강민호,1 (0-0),사구,"2사 1,2루 5:4",2사 만루 5:4,2.55,0.514,0.398,44.8%,0.045
05-10,NC,3회초,하트,8 강민호,3 (1-1),중견수 방면 2루타,1사  0:0,1사 2루 0:0,0.72,0.282,0.502,47.9%,0.046
03-31,SSG,9회말,최민준,5 강민호,5 (3-1),4구,2사 1루 3:3,"2사 1,2루 3:3",2.30,0.222,0.261,61.2%,0.048
07-19,롯데,8회말,김상수,5 강민호,1 (0-0),좌익수 뒤 홈런,2사  7:4,2사  7:5,0.31,0.115,1.000,9.0%,0.049
03-28,LG,4회초,손주영,5 강민호,3 (2-0),중견수 방면 1루타,무사 1루 0:4,"무사 1,2루 0:4",1.20,0.953,0.663,80.1%,0.050
07-13,두산,5회초,이영하,4 강민호,3 (1-1),좌익수 방면 1루타,무사  4:5,무사 1루 4:5,1.27,0.585,0.435,58.9%,0.052
08-07,한화,7회말,이상규,4 강민호,1 (0-0),좌익수 방면 2루타,무사  6:7,무사 2루 6:7,0.75,0.597,0.690,84.5%,0.053
05-25,롯데,5회초,김진욱,8 강민호,6 (3-2),4구,"무사 1,3루 0:4",무사 만루 0:4,1.79,1.904,0.687,74.4%,0.054
03-28,LG,2회초,손주영,5 강민호,4 (1-2),2루수 땅볼실책 출루,무사 1루 0:0,"무사 1,2루 0:0",1.53,0.953,0.663,40.5%,0.058
06-09,키움,6회초,조상우,7 강민호,5 (2-2),좌익수 방면 1루타,"1사 1,2루 3:0","1사 1,3루 4:0",0.89,1.004,1.244,5.9%,0.058
06-30,KT,7회초,고영표,4 강민호,5 (3-1),4구,무사  0:2,무사 1루 0:2,1.34,0.582,0.423,76.0%,0.059
06-04,SSG,6회초,송영진,8 강민호,6 (2-2),좌익수 방면 1루타,무사  0:1,무사 1루 0:1,1.45,0.568,0.417,60.3%,0.060
07-14,두산,6회초,이교훈,4 강민호,1 (0-0),좌익수 방면 1루타,무사  1:2,무사 1루 1:2,1.45,0.581,0.429,60.3%,0.060
07-13,두산,3회초,시라카와,4 강민호,4 (1-2),좌익수 방면 1루타,"2사 2,3루 0:5",이닝종료 2:5,1.06,0.642,-0.642,84.3%,0.061
06-19,SSG,6회말,오원석,4 강민호,5 (3-1),4구,1사 1루 2:1,"1사 1,2루 2:1",2.11,0.564,0.484,45.9%,0.062
06-23,두산,8회말,김강률,8 강민호,9 (3-2),4구,1사 1루 4:4,"1사 1,2루 4:4",2.37,0.564,0.505,67.0%,0.063
06-01,한화,4회말,조동욱,6 강민호,2 (0-1),우익수 방면 1루타,무사 1루 3:3,"무사 1,2루 3:3",1.73,0.985,0.685,66.6%,0.064
08-01,LG,1회초,임찬규,4 강민호,2 (1-0),중견수 방면 1루타,"1사 1,3루 0:0","1사 1,2루 1:0",1.81,1.326,0.799,36.8%,0.067
07-02,KIA,3회말,네일,4 강민호,1 (0-0),좌익수 방면 1루타,"1사 1,2루 0:2","1사 1,2루 0:3",1.32,1.068,1.000,86.1%,0.068
06-15,NC,8회초,김영규,5 강민호,4 (1-2),유격수 포구실책 출루,무사  4:4,무사 1루 4:4,1.85,0.569,0.413,43.2%,0.068
05-18,한화,1회말,조동욱,7 강민호,1 (0-0),중견수 방면 1루타,2사 2루 1:3,2사 1루 1:4,0.83,0.395,0.844,79.5%,0.070
07-31,LG,4회초,손주영,4 강민호,2 (1-0),중견수 방면 1루타,"1사 1,2루 0:4","1사 1,2루 1:4",1.61,1.125,1.000,77.6%,0.071
06-01,한화,8회말,김범수,6 강민호,5 (2-2),중견수 뒤 홈런,무사  4:5,무사  4:6,0.53,0.567,1.000,94.0%,0.072
05-31,한화,1회말,김규연,6 강민호,2 (0-1),2루수 방면 내야 안타,1사 만루 0:1,1사 만루 0:2,2.10,1.829,1.000,80.1%,0.072
05-28,키움,7회말,후라도,9 강민호,5 (2-2),중견수 방면 1루타,무사  3:2,무사 1루 3:2,1.91,0.564,0.422,43.7%,0.077
06-11,LG,5회말,이우찬,6 강민호,1 (0-0),우익수 방면 2루타,2사 1루 1:3,2사 2루 1:4,0.55,0.242,1.156,88.1%,0.083
07-10,NC,1회말,카스타노,4 강민호,3 (1-1),좌익수 방면 1루타,1사 2루 1:1,1사 1루 1:2,1.21,0.802,0.761,64.9%,0.083
06-04,SSG,8회초,조병현,8 강민호,1 (0-0),사구,1사 1루 0:1,"1사 1,2루 0:1",2.90,0.554,0.447,65.7%,0.085
08-02,SSG,6회말,엘리아스,4 강민호,6 (3-2),우익수 방면 2루타,2사 2루 3:0,2사 2루 3:1,1.13,0.390,1.000,22.7%,0.092
07-12,두산,8회초,박치국,8 강민호,1 (0-0),좌중간 홈런,1사 1루 6:4,1사  8:4,0.65,0.568,1.734,3.8%,0.095
06-13,LG,2회말,켈리,6 강민호,4 (2-1),좌익수 뒤 홈런,1사  0:1,1사  0:2,0.57,0.297,1.000,73.4%,0.097
07-26,KT,5회말,엄상백,4 강민호,2 (1-0),좌익수 뒤 홈런,무사  3:0,무사  3:1,1.02,0.588,1.000,28.4%,0.097
05-03,롯데,8회말,최준용,7 강민호,4 (1-2),중견수 방면 1루타,무사  6:5,무사 1루 6:5,2.48,0.585,0.436,40.1%,0.098
08-08,한화,5회말,문동주,4 강민호,3 (1-1),중견수 방면 2루타,1사 1루 3:2,2사  3:3,1.81,0.583,0.537,51.5%,0.099
07-23,한화,1회초,바리아,4 강민호,3 (2-0),중견수 방면 2루타,2사 2루 0:0,2사 2루 1:0,1.12,0.396,1.000,41.6%,0.100
07-28,KT,4회말,조이현,4 강민호,1 (0-0),좌익수 뒤 홈런,무사  0:1,무사  0:2,0.83,0.586,1.000,78.9%,0.102
08-06,한화,1회말,바리아,4 강민호,7 (3-2),좌익수 방면 1루타,무사 만루 1:0,"무사 1,2루 1:2",2.33,2.647,1.032,72.3%,0.103
05-24,롯데,1회초,나균안,8 강민호,1 (0-0),좌익수 방면 2루타,"2사 2,3루 3:0",2사 2루 5:0,1.20,0.616,1.774,12.3%,0.104
03-23,KT,2회초,쿠에바스,5 강민호,1 (0-0),중견수 뒤 홈런,무사  0:0,무사  1:0,0.93,0.529,1.000,39.5%,0.105
07-21,롯데,2회말,반즈,4 강민호,2 (0-1),좌중간 홈런,무사  1:0,무사  1:1,0.99,0.588,1.000,55.1%,0.111
04-10,롯데,8회초,김상수,8 강민호,6 (3-2),4구,"무사 1,2루 4:7",무사 만루 4:7,2.79,1.668,0.819,70.0%,0.113
04-07,KIA,3회초,양현종,4 강민호,1 (0-0),좌익수 방면 1루타,"2사 1,3루 1:1","2사 1,3루 2:1",2.00,0.568,1.000,38.6%,0.114
04-21,한화,7회초,이민우,7 강민호,5 (2-2),3루수 방면 내야 안타,2사 만루 4:3,2사 만루 5:3,3.03,0.853,1.000,16.8%,0.115
05-01,두산,6회초,브랜든,5 강민호,8 (3-2),3루수 땅볼실책 출루,"무사 1,2루 1:2",무사 만루 1:2,3.09,1.633,0.952,39.6%,0.117
04-27,키움,8회초,조상우,7 강민호,2 (1-0),유격수 방면 1루타,"1사 1,2루 1:0","1사 1,3루 2:0",1.87,1.051,1.213,9.6%,0.121
06-07,키움,2회초,조영건,7 강민호,4 (1-2),우익수 방면 2루타,1사 1루 0:1,1사 2루 1:1,1.28,0.552,1.231,48.1%,0.122
08-07,한화,5회말,류현진,4 강민호,3 (1-1),우익수 방면 2루타,"1사 1,3루 6:2",1사 2루 6:4,1.71,1.326,1.489,30.8%,0.135
04-11,롯데,2회초,이인복,7 강민호,2 (0-1),좌익수 뒤 홈런,1사 3루 0:0,1사  2:0,1.44,1.018,1.272,31.6%,0.136
04-23,LG,6회말,이우찬,6 강민호,1 (0-0),유격수 방면 내야 안타,1사 만루 3:1,1사 만루 3:2,4.41,1.670,1.000,56.1%,0.144
07-02,KIA,1회말,네일,4 강민호,4 (2-1),좌익수 뒤 홈런,2사 1루 0:0,2사  0:2,0.79,0.235,1.883,70.9%,0.186
05-25,롯데,6회초,최준용,8 강민호,4 (1-2),좌익수 방면 3루타,1사 1루 4:5,1사 3루 5:5,1.94,0.547,1.478,42.3%,0.236
07-30,LG,4회초,엔스,4 강민호,2 (1-0),좌익수 뒤 홈런,2사 1루 0:1,2사  2:1,1.03,0.237,1.879,41.4%,0.245
07-23,한화,8회초,한승혁,4 강민호,4 (2-1),3루수 땅볼실책 출루,무사 1루 3:4,"무사 2,3루 3:4",3.50,1.026,1.312,41.0%,0.251
07-20,롯데,3회말,이인복,5 강민호,2 (0-1),좌중간 홈런,"2사 1,2루 3:3",2사  3:6,1.86,0.481,2.634,82.4%,0.276
07-14,두산,7회초,이영하,4 강민호,1 (0-0),좌익수 뒤 홈런,"2사 1,2루 2:2",2사  5:2,2.93,0.473,2.644,11.9%,0.394
